customer_id,age,income,employment_type,work_experience_years,loan_amount,loan_duration_months,credit_history,housing_status,loan_default
1001,150,10903.30519613641,Student,3,65805,24,Bad,Mortgage,1
1002,-5,38051.954538008344,Salaried,27,172421,12,No History,Mortgage,0
1003,46,5000000.0,Salaried,11,217849,60,No History,Mortgage,0
1004,32,13666.194356034888,Self-Employed,37,453464,24,Good,Rent,1
1005,60,25301.4067363621,Unemployed,35,347177,36,No History,Rent,1
1006,25,18776.779945784074,Salaried,4,248483,48,No History,RENT,1
1007,38,60307.124526088475,Salaried,12,370383,12,No History,Own,0
1008,56,48224.59635424176,Salaried,22,402551,12,No History,RENT,0
1009,36,34880.41038025074,Self-Employed,29,54041,48,Bad,Own,0
1010,40,57199.162083350384,Salaried,36,304098,60,Missed Payments,Own,0
1011,28,36160.524614714275,Self-Employed,24,280146,48,Bad,rent,0
1012,28,22080.736980076043,Salaried,26,341927,24,Bad,Rent,0
1013,41,57846.861159044856,Self-Employed,13,117524,48,Good,Rent,0
1014,53,,Salaried,35,228306,12,No History,Own,0
1015,57,19441.307685103155,Salaried,38,397001,48,Bad,Mortgage,0
1016,41,32144.91982874588,Salaried,15,29738,36,No History,Rent,0
1017,20,21865.726199228644,Self-Employed,21,282847,24,Bad,Rent,0
1018,39,14258.00403553496,Salaried,20,123776,48,Bad,Rent,0
1019,19,48892.66321297462,Salaried,20,190494,12,Good,Own,0
1020,41,63641.249607051956,Salaried,7,486322,24,Missed Payments,Own,0
1021,61,14021.486392712883,Salaried,15,202971,12,Missed Payments,Mortgage,0
1022,47,43444.538550358564,Self-Employed,30,415608,60,Bad,rent,0
1023,55,25240.361463172594,Self-Employed,9,316868,36,Good,Own,0
1024,19,27693.11924352956,Unemployed,31,304443,60,No History,Mortgage,1
1025,38,26114.091136416962,Salaried,33,287785,36,No History,Rent,0
1026,50,22040.13845480276,Unemployed,8,351678,48,Bad,Own,0
1027,29,35727.82441917241,Salaried,16,278449,24,Missed Payments,rent,1
1028,39,22535.748253834434,Salaried,10,239334,48,Good,Rent,0
1029,61,39056.85238669758,Salaried,31,290926,36,Missed Payments,Own,1
1030,42,34246.42835826294,Salaried,9,350401,36,No History,Own,1
1031,66,31415.779297003854,Self-Employed,21,246371,36,Missed Payments,Own,0
1032,44,21386.545069376032,Self-Employed,16,87963,12,No History,Rent,1
1033,59,26348.43004147501,Self-Employed,3,131987,24,Good,Rent,0
1034,45,,Salaried,24,161638,48,Good,Mortgage,0
1035,33,42513.75781436571,Salaried,20,134591,48,Bad,RENT,0
1036,32,20336.671328021734,Salaried,36,77766,60,Bad,Own,0
1037,64,36489.98458143839,Salaried,37,16511,36,Missed Payments,rent,1
1038,68,46270.80685057683,Salaried,0,124816,36,Good,Mortgage,0
1039,61,9958.920783179423,Salaried,24,259432,36,Good,Mortgage,0
1040,69,43150.402885699026,Salaried,35,429393,48,Bad,Own,0
1041,20,25060.6436158123,Salaried,16,276909,60,No History,Own,0
1042,54,43558.98002889739,Self-Employed,23,161426,12,Missed Payments,Mortgage,0
1043,68,23551.112651862248,Student,1,296073,24,Missed Payments,Mortgage,0
1044,24,7926.768490032213,Student,39,169892,12,Bad,Mortgage,1
1045,38,10586.863431752561,Self-Employed,14,121576,48,Good,Own,0
1046,26,35721.27419992073,Salaried,31,432739,36,Bad,Mortgage,1
1047,56,38895.83752582223,Self-Employed,38,81088,24,Bad,Mortgage,0
1048,35,21435.250623433873,Self-Employed,5,469379,48,Bad,Own,0
1049,21,44578.88688166061,Salaried,0,87525,48,Bad,Rent,0
1050,42,10077.1990659656,Salaried,22,23780,48,No History,rent,0
1051,31,34008.80302029025,Unemployed,38,278733,24,No History,Mortgage,0
1052,67,16834.75700356315,Salaried,16,438028,24,Good,Rent,1
1053,26,25222.458382967612,Salaried,33,365808,60,Bad,Rent,0
1054,43,35710.98006974621,Salaried,28,449155,60,No History,Rent,1
1055,19,22093.799520740715,Salaried,8,454709,12,Good,Rent,0
1056,37,29231.66683655262,Salaried,12,114188,24,Bad,Mortgage,0
1057,45,50094.39213821661,Salaried,5,103326,24,Missed Payments,Rent,0
1058,64,,Salaried,5,313097,24,No History,RENT,1
1059,24,47535.38168097712,Salaried,19,75785,60,Good,Own,0
1060,61,18054.39718013573,Unemployed,2,29309,48,Missed Payments,Mortgage,1
1061,25,42947.06266872924,Salaried,16,64195,36,Bad,Own,1
1062,64,56623.52930986851,Salaried,11,35901,60,Bad,Own,0
1063,52,-2074.667501909338,Salaried,0,164648,24,Bad,Mortgage,0
1064,31,23046.57116794285,Student,16,434724,60,No History,rent,0
1065,34,43656.081907708096,Salaried,2,477927,12,Good,Own,0
1066,53,31954.31920935511,Salaried,25,35464,24,Missed Payments,Mortgage,0
1067,67,40567.188100569634,Unemployed,14,463497,12,Good,rent,0
1068,57,25940.22219926269,Unemployed,35,288404,24,No History,Mortgage,0
1069,21,36298.8468120935,Salaried,31,134997,60,Good,Own,0
1070,19,32664.841469118808,Unemployed,31,307584,48,No History,Rent,0
1071,23,52516.730924897114,Salaried,3,367226,36,Bad,rent,0
1072,59,38816.31264951819,Salaried,17,377727,12,Missed Payments,Mortgage,0
1073,21,40064.039931128034,Salaried,18,66683,60,Bad,RENT,0
1074,46,28821.845508162987,Salaried,34,396350,48,Good,Own,0
1075,35,27685.906638912595,Self-Employed,39,182502,60,Bad,Own,1
1076,43,28511.627182705684,Salaried,13,405203,12,Missed Payments,Own,0
1077,61,40916.78213567445,Salaried,32,166177,36,Bad,Mortgage,0
1078,51,28685.232787696055,Self-Employed,13,88484,60,Missed Payments,Rent,0
1079,27,39346.62285344619,Self-Employed,33,259819,24,Missed Payments,Rent,0
1080,53,66131.01197968159,Salaried,3,416242,48,Bad,Rent,0
1081,31,48066.87055147538,Self-Employed,23,340453,60,No History,Own,1
1082,48,30109.647017482384,Salaried,28,318071,48,Good,RENT,0
1083,65,53018.208832459175,Self-Employed,18,216486,24,No History,Own,0
1084,32,28878.86940467673,Self-Employed,5,460751,36,No History,RENT,0
1085,25,4428.13197233219,Student,32,315090,36,Bad,Own,0
1086,31,19878.705336238938,Salaried,39,398647,24,Good,rent,0
1087,40,6938.121184612166,Salaried,18,459777,48,Good,Mortgage,0
1088,57,29727.29773938037,Salaried,0,151449,60,No History,Mortgage,0
1089,38,35276.27568784328,Salaried,4,63592,24,Bad,Own,0
1090,33,60146.55968412924,Salaried,26,148419,12,Good,Own,0
1091,62,39903.910606462436,Student,15,305920,48,No History,Rent,0
1092,35,31713.492067867035,Salaried,5,406999,36,Good,RENT,1
1093,64,47441.083717752335,Salaried,39,65798,24,Bad,Mortgage,0
1094,41,1832.970364881723,Self-Employed,12,145370,36,Bad,rent,0
1095,43,38534.21837162849,Salaried,34,342348,48,Bad,Own,0
1096,42,,Self-Employed,18,358351,36,Good,Own,0
1097,62,12821.206313302377,Salaried,11,372500,24,Missed Payments,Own,0
1098,58,52156.310648103936,Salaried,15,458377,48,Good,Own,0
1099,46,40077.44611241621,Salaried,9,332796,12,Missed Payments,Own,0
1100,32,28770.68129148798,Salaried,24,437700,24,Bad,Mortgage,0
1101,62,44491.72799159427,Student,19,401716,60,No History,Mortgage,0
1102,18,,Salaried,30,253767,24,Missed Payments,Own,0
1103,42,,Salaried,3,30922,48,Bad,Rent,0
1104,24,38723.30879450504,Salaried,22,437244,24,Bad,Own,0
1105,26,28109.58650689634,Salaried,1,423532,12,Missed Payments,Mortgage,0
1106,41,22252.334458028123,Unemployed,21,349140,12,No History,Own,0
1107,18,47455.03724816369,Salaried,36,420184,60,Bad,Mortgage,0
1108,61,22158.742611366994,Self-Employed,7,302410,36,Missed Payments,Mortgage,0
1109,25,36073.49355829089,Student,6,236817,48,No History,Own,1
1110,41,27835.13829852325,Salaried,13,427216,48,No History,Own,0
1111,28,42184.697386195876,Student,2,417227,36,Bad,Rent,0
1112,68,40004.931579304226,Salaried,15,12866,12,Good,Mortgage,0
1113,34,50563.099163868486,Salaried,18,122669,12,Good,Rent,1
1114,25,27349.754017178795,Salaried,17,278042,24,Bad,Own,0
1115,52,30951.87597059943,Self-Employed,15,290539,60,No History,Mortgage,0
1116,52,20318.54426326539,Student,7,180091,60,Bad,rent,0
1117,50,28335.601098858326,Salaried,32,276150,60,Missed Payments,rent,0
1118,22,40659.50739567279,Self-Employed,11,175465,24,Good,rent,0
1119,59,46354.829249680275,Salaried,10,283100,60,Missed Payments,Own,0
1120,56,21167.520137335618,Salaried,4,453258,36,Bad,Own,1
1121,58,48044.088801584905,Salaried,26,499415,24,Bad,Own,1
1122,45,55334.56788207426,Student,11,409294,36,No History,Mortgage,0
1123,24,41201.523548355515,Self-Employed,16,432847,24,No History,Own,0
1124,26,63151.93718837099,Salaried,5,367820,60,No History,Mortgage,1
1125,25,23393.162013446403,Salaried,32,131724,36,Missed Payments,Rent,0
1126,29,16330.179450328746,Salaried,4,72901,36,No History,Rent,0
1127,51,8319.196266435822,Salaried,27,379371,36,Bad,Own,0
1128,50,57440.66467233775,Salaried,13,210569,24,No History,Rent,0
1129,65,44815.484845310864,Unemployed,4,498029,48,Good,Own,0
1130,40,34166.229936343174,Salaried,32,127192,60,No History,Mortgage,0
1131,41,39199.529394797304,Salaried,18,182646,36,Missed Payments,Rent,0
1132,54,18117.664290524353,Salaried,21,303561,48,Good,Own,0
1133,52,71686.27969425239,Unemployed,4,360164,60,Good,Rent,0
1134,61,36938.31772962841,Self-Employed,1,355783,60,Good,RENT,0
1135,57,36640.92191907339,Salaried,29,468222,36,Missed Payments,Own,1
1136,39,45886.49935848038,Self-Employed,38,104881,36,Bad,rent,0
1137,44,42215.1384760507,Salaried,3,252934,24,No History,Rent,0
1138,52,38358.26036418697,Salaried,32,442670,48,Good,Rent,1
1139,18,23142.88316832032,Salaried,12,142659,48,Good,rent,1
1140,52,,Salaried,19,131688,36,Good,Mortgage,0
1141,54,63230.36744712551,Salaried,6,125584,60,Bad,Rent,0
1142,64,55181.300692324665,Student,14,195782,36,Bad,rent,0
1143,31,58897.79939959096,Unemployed,22,358711,60,Missed Payments,Own,1
1144,20,27331.764853532222,Self-Employed,13,232820,60,Bad,Mortgage,1
1145,18,20155.92769612129,Salaried,22,348030,36,No History,Own,1
1146,22,33113.19619850528,Salaried,18,422032,12,Missed Payments,Own,0
1147,43,35835.87368433042,Self-Employed,28,226896,48,Missed Payments,Own,0
1148,31,51412.87277706423,Salaried,19,301576,60,No History,Mortgage,0
1149,56,9613.03055427771,Salaried,28,189689,60,No History,Own,0
1150,44,57943.2547919092,Salaried,23,344517,12,No History,Own,0
1151,26,32629.881521315157,Unemployed,17,175289,24,Missed Payments,Own,0
1152,32,28596.7839507887,Salaried,9,293028,12,Missed Payments,rent,0
1153,32,19818.434371097486,Salaried,7,277598,12,Missed Payments,Own,0
1154,43,10177.149922013461,Self-Employed,25,84960,60,No History,Mortgage,0
1155,59,47347.55875942872,Salaried,28,112421,48,No History,Mortgage,0
1156,30,36099.76950782606,Salaried,9,248245,12,Good,rent,0
1157,68,15650.586503884191,Salaried,16,53618,24,Bad,Mortgage,0
1158,49,15573.818419045758,Salaried,1,487164,36,Good,Mortgage,0
1159,56,29963.229510648078,Self-Employed,5,465887,12,No History,RENT,0
1160,66,60035.32287934089,Salaried,4,57111,12,Missed Payments,Own,1
1161,69,31106.12972954593,Salaried,27,442829,24,No History,Rent,0
1162,49,,Unemployed,4,226750,48,Bad,Own,0
1163,21,31313.854038710837,Unemployed,17,130592,12,Good,Own,0
1164,47,30909.146453784942,Unemployed,25,244000,12,Good,Mortgage,0
1165,54,-5453.299644123574,Salaried,19,265989,48,Missed Payments,Rent,1
1166,40,34185.577002232814,Salaried,26,332137,24,Good,Mortgage,0
1167,56,31535.98204686983,Student,11,138652,12,Good,Mortgage,1
1168,62,45443.095472201276,Self-Employed,6,412064,48,No History,Own,0
1169,32,62734.34142418018,Salaried,2,88672,12,Good,Mortgage,1
1170,60,51898.47544321636,Salaried,9,260351,36,Good,rent,0
1171,46,30966.66964167754,Salaried,33,338269,60,Good,Mortgage,1
1172,53,18402.111368874946,Student,24,227516,36,Missed Payments,Mortgage,0
1173,30,73600.3970487479,Salaried,34,389653,12,Missed Payments,Own,0
1174,49,35888.27651021732,Salaried,15,71602,24,No History,RENT,0
1175,24,35208.939378694195,Salaried,1,213117,60,Good,Mortgage,1
1176,68,34638.12369334995,Self-Employed,23,247069,36,Missed Payments,Own,0
1177,39,37971.271411517824,Unemployed,9,52222,48,Missed Payments,Mortgage,0
1178,45,32834.593821140865,Salaried,37,321367,24,No History,Rent,1
1179,19,26395.069896796456,Self-Employed,21,251084,36,Bad,Mortgage,0
1180,59,,Student,25,252318,48,Good,Mortgage,0
1181,62,34508.70094676002,Salaried,38,75333,12,Missed Payments,Own,0
1182,20,26848.628432993526,Salaried,30,193804,48,No History,Mortgage,0
1183,45,24307.313259842536,Salaried,28,394794,36,No History,Own,1
1184,45,36596.453415378455,Self-Employed,37,59420,36,No History,rent,0
1185,61,31175.34173868717,Salaried,19,85504,12,Missed Payments,Mortgage,0
1186,61,57559.89482874033,Self-Employed,26,12462,48,Good,Rent,1
1187,37,-4764.54712589518,Self-Employed,19,281604,48,Bad,rent,0
1188,47,51372.602778836925,Salaried,18,109319,12,Good,Mortgage,0
1189,28,53691.277887464435,Student,19,266674,48,No History,Own,0
1190,45,,Salaried,34,150347,12,No History,RENT,0
1191,42,29859.68608879477,Salaried,1,497429,24,Bad,Rent,0
1192,56,29428.38701006313,Self-Employed,29,154341,36,Good,Mortgage,1
1193,50,13887.324579232682,Self-Employed,33,139593,24,No History,Mortgage,0
1194,18,23332.74968613687,Salaried,21,132672,60,No History,Mortgage,0
1195,44,18341.36231801257,Unemployed,2,469158,60,Good,Mortgage,0
1196,69,61284.056651354345,Student,5,345064,60,No History,Mortgage,0
1197,30,49035.17589721191,Salaried,14,294697,12,Good,Mortgage,1
1198,58,54073.32642491238,Student,26,427582,48,No History,Own,1
1199,20,45825.08096064853,Salaried,9,54036,24,Good,RENT,0
1200,56,18064.22343174156,Salaried,8,158441,24,Bad,Own,0
1201,23,27132.196005803395,Salaried,32,152867,24,No History,Own,0
1202,25,42340.61841841877,Unemployed,31,80021,24,Bad,Mortgage,0
1203,44,16668.082866620818,Self-Employed,5,379349,60,No History,RENT,0
1204,26,45694.97645258582,Salaried,35,471370,24,No History,Own,0
1205,54,31395.119027627974,Salaried,1,171215,48,Missed Payments,Mortgage,0
1206,50,29377.687886756037,Self-Employed,28,432641,60,Good,Mortgage,0
1207,68,45664.39952305237,Salaried,3,360353,24,Bad,Rent,0
1208,59,41663.9496722906,Unemployed,0,347283,12,Bad,Own,0
1209,61,29585.5075127138,Unemployed,18,246304,36,Bad,Own,0
1210,41,52389.94705046372,Salaried,25,15368,36,Good,Own,0
1211,32,18784.050086001538,Student,24,145693,36,Missed Payments,Mortgage,0
1212,49,,Salaried,9,68829,60,Bad,Rent,1
1213,49,43896.51886952575,Student,14,401180,24,Good,RENT,0
1214,41,30356.803410290144,Self-Employed,21,463510,60,No History,Own,0
1215,58,39891.99533363177,Self-Employed,20,286863,48,Bad,Mortgage,0
1216,69,16233.296354220456,Salaried,21,39227,12,Bad,Own,1
1217,66,48860.40528810352,Unemployed,35,119430,12,Missed Payments,Rent,1
1218,66,32226.467953355164,Salaried,33,410782,36,Bad,Mortgage,0
1219,69,27159.154692214408,Salaried,29,22306,36,Bad,Own,0
1220,29,50735.138387553336,Salaried,24,63822,36,No History,Own,1
1221,56,24434.84464185861,Salaried,27,34042,24,Good,Mortgage,0
1222,19,13873.080554546606,Salaried,0,418302,48,Good,Rent,0
1223,20,11650.562397141442,Self-Employed,3,158459,48,Missed Payments,Mortgage,0
1224,66,44090.14927018459,Unemployed,6,430258,48,No History,Own,0
1225,54,15793.559712555754,Salaried,8,99424,48,Good,Own,0
1226,66,61321.91272976547,Self-Employed,35,192690,36,No History,Own,0
1227,34,3771.0588817441676,Salaried,18,233122,12,Good,Own,0
1228,66,60446.845524350574,Unemployed,0,159395,36,No History,Rent,1
1229,19,38165.26200803927,Unemployed,9,28019,48,Missed Payments,Rent,0
1230,19,33549.30332194411,Salaried,35,347570,36,Bad,Own,1
1231,45,26826.213697865755,Self-Employed,8,50863,48,Missed Payments,Rent,0
1232,40,40987.04171528106,Salaried,31,121023,60,Good,Rent,0
1233,54,34435.47946362727,Salaried,31,151355,12,Missed Payments,Rent,0
1234,49,51549.52823024782,Unemployed,5,421495,60,Bad,Own,1
1235,50,36713.41472993059,Salaried,37,319143,24,Missed Payments,Mortgage,0
1236,18,,Salaried,16,72780,36,Good,Mortgage,0
1237,36,29545.81681679216,Salaried,9,295052,24,Good,Mortgage,1
1238,19,,Unemployed,26,202656,36,Missed Payments,Own,0
1239,61,39617.026533380886,Salaried,34,398422,60,Bad,Rent,1
1240,43,9347.474110150615,Salaried,20,385146,48,Missed Payments,rent,0
1241,49,14777.218668414305,Self-Employed,24,453441,48,Bad,Own,1
1242,23,46148.96141034072,Unemployed,27,179024,36,No History,Own,0
1243,49,37562.981571919125,Salaried,14,110706,48,Bad,Mortgage,0
1244,21,32240.249954709812,Salaried,3,178735,60,No History,Mortgage,0
1245,28,35276.5089959809,Salaried,28,132019,48,Missed Payments,Own,0
1246,34,40213.72558042507,Salaried,8,381852,60,Bad,Mortgage,0
1247,55,26903.604795359577,Salaried,26,202453,24,No History,RENT,0
1248,41,23325.42911896531,Self-Employed,25,189001,60,No History,Own,0
1249,22,37937.67882646522,Self-Employed,18,281487,12,No History,Own,0
1250,69,20324.40833577452,Self-Employed,27,348317,12,Good,RENT,0
1251,51,41123.79133571708,Salaried,16,110260,12,Missed Payments,Rent,0
1252,23,9461.245936432395,Unemployed,19,180863,36,No History,Rent,1
1253,39,50437.33455988466,Salaried,39,170206,36,Bad,Mortgage,0
1254,28,42088.96223619564,Student,38,188173,36,No History,Own,0
1255,65,38840.44601470813,Self-Employed,22,79443,60,Good,Mortgage,0
1256,33,49740.36475918271,Salaried,31,240183,36,Missed Payments,RENT,0
1257,50,59982.11666693865,Self-Employed,32,329674,24,Good,Mortgage,0
1258,26,50215.55097527196,Salaried,4,450015,12,Good,Rent,0
1259,23,7386.88653002532,Self-Employed,33,145899,60,Good,Mortgage,0
1260,33,15806.345498964478,Salaried,39,106143,12,Bad,Mortgage,1
1261,46,25627.72133456482,Salaried,10,203725,36,Missed Payments,Rent,0
1262,20,35391.36575316251,Unemployed,2,154771,60,Missed Payments,Mortgage,0
1263,37,42764.88530703685,Salaried,32,494635,48,Bad,Own,0
1264,53,24113.84280269802,Unemployed,10,386671,24,Missed Payments,Mortgage,0
1265,36,37801.50146715617,Salaried,15,258044,36,Good,Mortgage,0
1266,43,23669.256014700164,Self-Employed,17,146385,36,Missed Payments,Own,0
1267,20,25827.232955120777,Self-Employed,29,154670,24,Bad,Rent,0
1268,36,13900.083547276667,Salaried,9,121362,24,Good,Own,0
1269,37,21151.501308336436,Salaried,17,256517,48,Bad,Mortgage,0
1270,49,14724.730915754997,Salaried,37,300951,36,No History,rent,0
1271,24,20361.901205340007,Salaried,18,473639,36,Good,Mortgage,1
1272,69,50804.62694911759,Salaried,35,210462,12,Good,Mortgage,0
1273,58,20759.016667520853,Self-Employed,12,186298,60,Missed Payments,Own,1
1274,50,74485.73097256086,Student,2,69550,60,Good,Own,1
1275,57,42399.76851321334,Unemployed,9,483288,12,Bad,RENT,0
1276,56,37772.54185542311,Self-Employed,37,275702,60,Missed Payments,rent,0
1277,35,22124.633297281798,Self-Employed,0,478524,24,No History,Rent,0
1278,57,45504.64819113487,Self-Employed,26,322257,60,Bad,Mortgage,1
1279,18,26365.43260643339,Salaried,7,325143,60,No History,Own,0
1280,28,36830.147219680424,Student,16,196950,12,No History,Own,0
1281,45,73401.26807403192,Self-Employed,8,439559,48,No History,Own,0
1282,42,33559.10150413025,Salaried,5,68219,60,Good,Rent,1
1283,67,52239.09989428514,Salaried,24,176258,60,Bad,Own,0
1284,40,24452.35362311169,Salaried,38,440182,48,Bad,Own,1
1285,48,34475.17264254557,Salaried,27,174841,12,Good,Own,0
1286,47,61562.00953453265,Unemployed,32,261004,48,Missed Payments,rent,0
1287,59,25595.49413318349,Salaried,36,267336,12,No History,Own,0
1288,52,62186.728369953926,Salaried,8,246495,24,Bad,RENT,0
1289,24,45616.279031832135,Student,17,63218,12,Good,Own,0
1290,33,26562.998361585986,Salaried,20,291373,24,No History,Own,0
1291,43,44486.116085832815,Salaried,1,347353,24,Missed Payments,Own,1
1292,65,49588.316744400945,Salaried,37,37877,12,Missed Payments,Rent,0
1293,69,44327.149433257946,Self-Employed,39,199073,36,No History,rent,1
1294,66,11446.629201643154,Student,35,369281,12,Missed Payments,Own,0
1295,19,24092.94236262697,Salaried,36,310228,60,Bad,Mortgage,1
1296,18,31287.220466727427,Unemployed,14,353924,60,Bad,rent,0
1297,65,33883.498563499306,Salaried,27,496108,36,Bad,rent,1
1298,29,44310.08146326017,Student,17,157878,24,Missed Payments,Own,1
1299,22,37665.51501399881,Self-Employed,33,229707,36,Bad,Mortgage,0
1300,54,14969.83461934848,Unemployed,21,251249,60,Good,Own,0
1301,49,40702.967765089445,Salaried,10,47034,36,Bad,RENT,0
1302,26,44158.786179257346,Student,12,181389,12,Bad,rent,0
1303,58,43396.856718965595,Self-Employed,3,327612,36,Missed Payments,Own,1
1304,52,51211.71088331933,Salaried,21,422310,24,Bad,Own,0
1305,36,,Unemployed,6,198868,12,No History,Mortgage,0
1306,65,41887.70118842655,Salaried,23,20589,48,Good,Mortgage,0
1307,33,33947.51432812029,Unemployed,3,67221,60,Missed Payments,rent,1
1308,20,10085.585997260128,Salaried,27,265927,60,Good,Mortgage,1
1309,37,41444.273286988784,Self-Employed,14,273801,36,No History,Mortgage,0
1310,41,38115.31530744667,Salaried,0,370444,12,Missed Payments,Rent,0
1311,50,39073.6825579306,Salaried,2,127229,48,Missed Payments,rent,0
1312,41,15848.77136269536,Salaried,13,311675,12,Bad,Rent,0
1313,69,18784.151893876064,Salaried,37,62227,60,Good,Rent,0
1314,28,50797.29279999355,Salaried,0,275308,12,No History,Own,0
1315,66,34406.672692150176,Salaried,37,103078,48,No History,rent,0
1316,25,45222.510460589365,Salaried,37,487189,36,Missed Payments,rent,0
1317,53,35424.77564195692,Salaried,20,313391,24,Bad,Rent,0
1318,55,35446.34209243618,Salaried,28,245113,12,Missed Payments,Mortgage,0
1319,57,49074.25708963996,Self-Employed,4,422817,24,Missed Payments,RENT,0
1320,37,27259.329076739392,Salaried,9,497182,60,Missed Payments,Own,0
1321,52,36441.811654114754,Student,27,60599,36,Missed Payments,Own,0
1322,65,28065.870669424363,Unemployed,20,474761,36,No History,Rent,0
1323,42,28482.55658851527,Self-Employed,6,256367,12,No History,Own,0
1324,52,30362.41814797041,Salaried,2,407768,36,Missed Payments,Mortgage,0
1325,42,38332.00657450569,Unemployed,19,412633,12,Missed Payments,RENT,1
1326,46,27818.77067504784,Salaried,18,199651,12,Bad,Own,0
1327,35,53836.341883602814,Salaried,34,78207,24,Missed Payments,Own,0
1328,63,21580.890466707442,Salaried,3,344199,36,No History,rent,0
1329,35,32196.925337579614,Self-Employed,4,374410,12,Good,Own,0
1330,19,28404.034125887374,Salaried,0,350414,24,No History,Rent,0
1331,52,56704.668265306,Salaried,3,121426,48,Bad,Own,0
1332,33,37948.32164767362,Student,11,144794,24,No History,Mortgage,0
1333,58,50477.66809202952,Unemployed,26,342586,24,Good,Own,0
1334,53,12716.594404445419,Salaried,22,367776,12,Missed Payments,Own,0
1335,50,39005.75398803888,Salaried,24,181103,60,Good,rent,0
1336,21,48344.46193435155,Unemployed,20,220307,60,Missed Payments,Own,0
1337,50,36234.259839131366,Salaried,23,31438,60,Missed Payments,rent,0
1338,31,50982.20562598027,Salaried,24,68819,24,No History,Mortgage,0
1339,38,27240.67324849442,Salaried,31,53856,12,No History,Rent,1
1340,65,56140.211602783704,Student,31,436792,36,No History,RENT,0
1341,37,69483.47185428876,Self-Employed,4,314082,24,Bad,Own,0
1342,25,29557.421593405114,Unemployed,35,452244,24,No History,Mortgage,1
1343,24,28317.462178988422,Unemployed,38,69807,12,Bad,Rent,0
1344,20,56800.76715676551,Salaried,15,322021,48,No History,Own,0
1345,34,58693.58218596068,Salaried,32,53461,24,Missed Payments,Own,0
1346,50,27157.099592700975,Salaried,20,103474,48,Bad,RENT,1
1347,65,28697.19774356214,Salaried,8,443685,48,Good,Own,1
1348,29,30773.230867092392,Salaried,5,355280,60,Bad,Rent,0
1349,68,,Self-Employed,34,292579,12,Bad,RENT,0
1350,39,21220.22080273703,Self-Employed,38,225189,48,Good,Rent,0
1351,39,,Unemployed,21,417407,12,Bad,Mortgage,0
1352,63,23483.036523438073,Salaried,4,356870,60,Missed Payments,rent,0
1353,47,34479.72668919828,Self-Employed,22,264730,12,No History,Own,0
1354,55,38513.22098804781,Self-Employed,16,256732,24,Good,Mortgage,0
1355,55,,Salaried,11,430602,48,No History,Own,0
1356,62,20024.689388918137,Self-Employed,22,172793,12,Missed Payments,Mortgage,0
1357,68,49764.83597714876,Salaried,15,64786,36,Good,Mortgage,0
1358,25,31790.167336617364,Salaried,2,285848,12,No History,Mortgage,0
1359,44,,Salaried,29,66635,48,No History,Mortgage,1
1360,44,45122.29238249906,Salaried,21,405339,60,Missed Payments,Own,0
1361,51,18159.16967656552,Salaried,8,362854,60,No History,Rent,0
1362,38,40736.14619276076,Self-Employed,28,250909,48,Missed Payments,Own,0
1363,47,37496.78312319584,Student,36,255984,24,Bad,RENT,0
1364,50,42386.76896012224,Self-Employed,22,335137,24,Missed Payments,Own,1
1365,45,39337.52965861727,Self-Employed,12,122752,60,Bad,Mortgage,0
1366,64,71829.50209866342,Salaried,31,221194,60,Good,Mortgage,0
1367,50,25433.90023623026,Self-Employed,22,238584,48,No History,rent,0
1368,22,27035.045674972735,Salaried,16,428632,24,Missed Payments,Rent,0
1369,65,25652.892103628532,Salaried,39,142886,60,Missed Payments,Own,1
1370,36,,Salaried,20,88537,24,No History,rent,0
1371,21,25439.193090402234,Salaried,1,322402,60,No History,Own,0
1372,52,52835.24796661328,Salaried,36,157580,12,Good,rent,0
1373,66,56307.56371984782,Salaried,5,95166,36,Good,Rent,0
1374,34,26438.805593757854,Salaried,17,219988,12,Missed Payments,rent,1
1375,61,22514.666403436568,Student,29,385854,60,Good,Mortgage,0
1376,45,42071.23334579606,Salaried,21,307843,36,Bad,Mortgage,1
1377,47,26716.65433578543,Salaried,32,318479,36,Good,Own,0
1378,46,44493.97726633266,Salaried,29,318950,60,Good,Rent,0
1379,63,38043.845312769496,Self-Employed,16,349997,60,Missed Payments,Own,0
1380,23,12263.838275041522,Salaried,31,204840,24,Bad,RENT,0
1381,52,58212.578019950924,Salaried,13,307883,60,Good,Mortgage,0
1382,58,61938.16509643283,Salaried,9,44785,48,Bad,Mortgage,0
1383,54,25808.169642734207,Salaried,35,173052,60,Bad,rent,0
1384,41,29184.47660096024,Salaried,33,492551,48,Bad,RENT,0
1385,46,39287.98086087358,Salaried,8,241791,60,No History,Mortgage,0
1386,66,40016.851849805375,Salaried,27,497918,24,No History,Mortgage,0
1387,63,44878.164090092454,Salaried,10,357160,48,No History,Own,0
1388,48,65153.06808149524,Salaried,13,404825,12,No History,Mortgage,0
1389,52,32345.791587589258,Unemployed,38,76253,48,Missed Payments,rent,0
1390,50,23025.541331923196,Salaried,18,488697,24,Good,Own,1
1391,69,14310.211579782092,Salaried,14,101128,48,No History,rent,0
1392,38,24036.049400871212,Salaried,27,431357,60,Missed Payments,Own,1
1393,49,34503.095406893044,Student,23,171081,60,Good,rent,0
1394,40,,Salaried,7,399725,24,No History,Mortgage,0
1395,50,27235.83051445743,Salaried,8,120966,36,Good,Rent,0
1396,20,38356.819274583475,Self-Employed,32,147854,60,No History,Own,0
1397,35,34753.65655890872,Salaried,32,495288,12,Missed Payments,rent,0
1398,42,52825.89910172126,Salaried,18,109352,24,Bad,Own,0
1399,59,72903.98638810433,Salaried,2,429149,48,Bad,Rent,0
1400,48,27036.968406195192,Unemployed,9,349298,48,Good,Mortgage,0
1401,20,27658.40836222667,Salaried,39,149379,12,Missed Payments,Mortgage,0
1402,57,50662.413156036084,Self-Employed,0,233279,60,Bad,RENT,1
1403,63,45228.37234439467,Student,28,247281,24,No History,Rent,0
1404,41,62700.6098860405,Salaried,33,118297,12,Bad,rent,0
1405,67,43758.92277988946,Salaried,12,216946,60,Good,Own,0
1406,49,29610.618638194108,Salaried,0,48346,24,Good,RENT,0
1407,64,43859.82246038464,Salaried,33,122138,48,Missed Payments,rent,0
1408,39,51630.55370874362,Salaried,28,322916,24,Good,Own,0
1409,40,47307.23271796046,Student,12,475300,36,Bad,Mortgage,1
1410,19,42609.11046660947,Self-Employed,28,50149,24,Bad,RENT,0
1411,44,51000.120343837305,Self-Employed,38,358844,36,Bad,RENT,0
1412,59,52539.43385668509,Salaried,23,168598,24,Bad,Mortgage,1
1413,19,55732.38486556291,Unemployed,25,368902,36,Missed Payments,Mortgage,1
1414,43,44730.64831384464,Student,16,488928,48,No History,Own,0
1415,34,32493.228795247185,Unemployed,6,138447,60,No History,Rent,1
1416,57,37200.705296499844,Salaried,12,471693,36,Missed Payments,rent,0
1417,50,53097.63449762535,Self-Employed,4,15695,36,Good,Own,1
1418,26,22745.96493519146,Salaried,25,49169,48,No History,Mortgage,0
1419,60,40530.099633093516,Salaried,2,320091,36,Good,Own,0
1420,65,29099.91781508959,Salaried,6,188296,12,No History,Mortgage,0
1421,56,35431.17234402226,Self-Employed,38,318009,48,Good,Own,0
1422,46,54176.77793910948,Self-Employed,0,166625,12,Missed Payments,Mortgage,0
1423,59,37866.48602029855,Salaried,16,376645,48,Bad,Own,0
1424,43,35696.54822234223,Salaried,24,332554,36,Good,Mortgage,0
1425,52,14602.15788530121,Salaried,2,375898,12,Bad,Mortgage,0
1426,67,46193.80349040831,Salaried,14,363039,36,Good,Mortgage,0
1427,42,44682.26271711613,Salaried,28,428032,48,Good,Mortgage,0
1428,41,67448.8208495819,Salaried,31,196098,36,Good,Mortgage,0
1429,30,30383.326475704987,Self-Employed,25,322849,12,Good,Rent,0
1430,24,38287.254914959085,Salaried,15,202994,12,Good,Mortgage,1
1431,53,38740.75525566133,Salaried,24,387844,36,Bad,Rent,0
1432,62,,Salaried,27,346058,24,Good,Mortgage,0
1433,37,33570.567014195716,Student,8,11881,48,Bad,rent,0
1434,18,39185.32288655509,Self-Employed,0,442783,48,Missed Payments,Rent,0
1435,25,,Self-Employed,28,319509,36,No History,Own,0
1436,63,37799.13684734537,Salaried,21,89211,24,Good,Mortgage,0
1437,33,28303.495781742076,Salaried,15,473338,12,No History,Own,1
1438,31,37911.34989347462,Salaried,6,166078,60,Bad,Own,0
1439,29,51104.47624789658,Self-Employed,13,313342,60,Missed Payments,Mortgage,0
1440,68,19602.270508834095,Student,28,426047,36,Missed Payments,Own,0
1441,40,36994.54511220314,Self-Employed,18,372793,24,Missed Payments,Mortgage,1
1442,32,24498.187775912404,Unemployed,18,419675,24,No History,Own,0
1443,45,52925.699433872636,Self-Employed,1,435659,48,Bad,Mortgage,0
1444,51,12152.19642824338,Salaried,14,445532,12,Good,Mortgage,0
1445,19,26616.172290926173,Student,2,237203,24,Good,Mortgage,0
1446,49,40658.17812596781,Salaried,10,205558,60,Bad,Rent,0
1447,40,58482.860438515105,Salaried,29,146949,12,No History,Own,0
1448,39,34013.746083905186,Salaried,39,49553,12,Good,Rent,1
1449,68,26672.007099602022,Salaried,17,408138,36,Bad,Own,0
1450,42,63217.35604160885,Salaried,1,394922,24,Good,Own,0
1451,39,13279.79149375634,Salaried,31,389162,36,Missed Payments,Own,0
1452,39,2017.9106506987737,Salaried,7,145758,24,Good,RENT,0
1453,66,41600.216750799984,Salaried,21,42766,48,No History,Own,0
1454,69,27469.186634710833,Salaried,5,483159,36,Bad,Rent,0
1455,59,,Salaried,11,304150,36,No History,Mortgage,0
1456,23,45625.3467094903,Salaried,39,41422,60,Bad,Own,0
1457,32,38657.010706567984,Salaried,35,388734,36,Missed Payments,Own,0
1458,60,26538.820538949076,Self-Employed,14,284349,24,Bad,Mortgage,0
1459,54,15795.434019936583,Self-Employed,27,489806,60,Good,Mortgage,1
1460,50,48086.859924202174,Unemployed,17,164599,36,Good,Own,0
1461,25,44753.017669379915,Self-Employed,1,252555,36,Missed Payments,Mortgage,0
1462,61,33512.36204330926,Salaried,12,421659,48,Bad,rent,0
1463,61,62699.55494071499,Self-Employed,14,419740,36,Missed Payments,rent,0
1464,22,18948.728505107712,Salaried,19,388621,12,Good,Own,1
1465,56,12117.122436128917,Salaried,28,38202,60,No History,rent,0
1466,21,24621.378951781335,Self-Employed,28,468768,12,Missed Payments,rent,0
1467,23,34316.209754667536,Salaried,2,449358,60,No History,Own,0
1468,62,38650.091739840376,Self-Employed,18,333836,48,No History,Mortgage,0
1469,49,31381.45913215505,Unemployed,2,223456,36,Bad,Own,0
1470,69,40280.83094771445,Unemployed,13,30855,36,Missed Payments,Rent,0
1471,47,16226.90863714334,Student,39,486963,36,No History,Own,1
1472,64,56656.46906109889,Salaried,3,201444,60,No History,Own,1
1473,52,33767.732324111465,Salaried,10,297239,36,Bad,Rent,0
1474,57,51759.43747382192,Salaried,30,441940,12,Bad,Rent,0
1475,69,40140.88019566556,Salaried,31,321385,36,Good,Own,1
1476,33,41851.29828730676,Self-Employed,26,113119,48,No History,Rent,0
1477,30,43546.50920348306,Self-Employed,29,62003,12,Good,Rent,0
1478,67,41715.628400259724,Self-Employed,1,471595,36,No History,Rent,0
1479,59,44640.84139801316,Salaried,8,104837,36,Good,Rent,1
1480,47,54937.28795198647,Salaried,27,233068,24,Bad,Rent,1
1481,36,37947.817545522055,Salaried,30,366427,60,Missed Payments,rent,0
1482,34,45635.05636382769,Salaried,33,419188,12,Bad,Mortgage,0
1483,36,33653.964585691596,Unemployed,14,133805,24,Good,Own,0
1484,45,56601.75823174209,Salaried,24,365990,48,Good,Rent,0
1485,43,24854.115469110955,Salaried,35,295071,60,Missed Payments,Own,0
1486,54,62014.106493662235,Salaried,7,392733,12,No History,Mortgage,0
1487,43,34397.63074033485,Self-Employed,8,125657,36,Good,Rent,0
1488,40,13538.373468229278,Self-Employed,36,338774,12,Good,Own,1
1489,26,36921.56622366184,Salaried,38,114428,36,Good,RENT,0
1490,29,24784.225137876787,Salaried,31,132035,60,Missed Payments,rent,0
1491,18,47609.65323483086,Salaried,16,455563,36,Bad,Rent,0
1492,18,25210.640310464136,Salaried,34,240780,48,Good,rent,0
1493,64,28307.248501778304,Self-Employed,36,398388,36,Missed Payments,rent,0
1494,51,6656.889035817036,Self-Employed,18,492076,48,Good,RENT,1
1495,49,28215.40521126385,Salaried,28,227282,60,No History,rent,1
1496,65,-1358.18989943435,Salaried,6,79518,60,Missed Payments,Mortgage,0
1497,42,11241.457647714149,Student,27,186355,12,Good,Mortgage,0
1498,57,46406.21984216446,Salaried,8,353470,48,Missed Payments,rent,1
1499,62,46787.00237976248,Self-Employed,27,153277,48,Good,rent,0
1500,18,41381.86342677447,Salaried,5,130243,24,Bad,Mortgage,0
1501,33,20495.357853061803,Salaried,28,493090,24,Good,Mortgage,0
1502,56,34284.3296578703,Salaried,16,284892,24,Missed Payments,Mortgage,1
1503,22,34945.96191364148,Salaried,15,424313,36,No History,Rent,0
1504,39,17624.529662111858,Student,22,406308,24,No History,Own,0
1505,46,57550.974526507256,Salaried,30,63311,48,No History,Own,1
1506,20,48160.43435863507,Salaried,2,32692,36,Good,Own,0
1507,29,31685.53739255504,Salaried,20,134954,60,Bad,Own,0
1508,43,35403.28758491796,Salaried,25,164934,12,Good,Rent,0
1509,33,38125.74211921329,Salaried,35,402179,24,No History,Own,1
1510,68,4373.976973635639,Salaried,36,231468,60,Missed Payments,Mortgage,0
1511,54,31292.339262191046,Self-Employed,21,351651,48,No History,Mortgage,1
1512,39,24770.236280033023,Salaried,11,90152,12,Missed Payments,Own,0
1513,46,19975.699851576268,Salaried,12,473685,60,Bad,Mortgage,0
1514,31,30783.495606710676,Student,10,14926,12,Missed Payments,RENT,1
1515,45,61965.29790274284,Salaried,15,494515,24,Good,Own,0
1516,22,44612.64291900515,Student,7,13969,48,Good,Own,0
1517,64,26432.31515325805,Salaried,39,45733,12,Good,Rent,0
1518,66,43588.74172034238,Unemployed,39,341999,60,Missed Payments,Mortgage,0
1519,47,55990.33154879003,Self-Employed,1,51743,24,Good,Rent,0
1520,63,48869.50524369153,Unemployed,29,140193,24,Good,RENT,0
1521,69,35894.45554880261,Student,29,180948,60,Good,Mortgage,0
1522,22,25295.94833441639,Salaried,11,379589,60,Bad,Rent,1
1523,29,45473.34970420385,Student,9,30323,12,Missed Payments,Mortgage,0
1524,33,40902.28078132625,Salaried,10,288572,36,Missed Payments,Mortgage,1
1525,43,48427.89830041598,Salaried,14,44578,24,No History,Rent,0
1526,43,44527.57702522954,Salaried,15,96486,12,Missed Payments,Mortgage,0
1527,65,,Salaried,16,336284,60,Bad,RENT,0
1528,38,26971.47182659148,Salaried,25,267450,12,Missed Payments,Mortgage,0
1529,56,54760.910984514885,Salaried,1,117325,60,Bad,Own,0
1530,53,37963.994070386,Salaried,11,355973,48,Bad,Mortgage,0
1531,50,66128.91308937898,Self-Employed,25,278508,60,Missed Payments,Mortgage,1
1532,47,24662.18272865648,Unemployed,22,401011,60,No History,rent,1
1533,54,61039.45704747874,Salaried,17,438565,60,Good,Mortgage,0
1534,40,37968.66175193972,Salaried,31,141763,36,Good,Own,1
1535,27,25228.729945783274,Salaried,37,267971,60,Missed Payments,Own,0
1536,22,27741.712489185178,Salaried,2,105598,24,Missed Payments,Mortgage,0
1537,53,30194.7903770852,Salaried,37,207539,24,Bad,Mortgage,1
1538,51,,Salaried,2,186968,12,Missed Payments,Own,0
1539,69,42842.5323205325,Salaried,29,67062,36,Bad,RENT,0
1540,48,26394.499940921312,Student,0,238338,12,No History,Own,0
1541,27,34634.68111608526,Salaried,29,220834,24,Missed Payments,Own,0
1542,36,67134.05537917795,Salaried,31,154933,24,Good,Mortgage,0
1543,49,60913.14755151067,Salaried,27,237909,48,Good,Mortgage,0
1544,18,,Salaried,20,98302,60,Missed Payments,Own,1
1545,22,35570.05217252301,Salaried,12,73928,24,Bad,RENT,0
1546,62,36800.46990077392,Self-Employed,26,224303,12,Good,Own,0
1547,21,44202.769590956246,Salaried,35,51347,12,Bad,Own,0
1548,33,19658.111522023915,Salaried,6,13121,60,Missed Payments,rent,0
1549,41,31139.351938649823,Student,21,93793,60,Missed Payments,Own,0
1550,33,9971.238891836158,Unemployed,9,38164,48,Good,Own,0
1551,19,40988.34683907919,Self-Employed,38,297635,36,Missed Payments,Mortgage,1
1552,66,44707.939095541115,Salaried,14,69222,12,No History,RENT,1
1553,45,27752.20306550939,Self-Employed,14,164237,60,No History,Mortgage,1
1554,49,58609.80144935049,Salaried,3,13748,12,Good,Mortgage,1
1555,44,16613.515054964882,Salaried,31,36553,60,No History,rent,0
1556,37,13034.376796852695,Salaried,22,126547,24,Bad,Rent,1
1557,41,38366.77727839958,Salaried,5,70380,12,Good,Own,0
1558,29,50706.474539182316,Salaried,23,54331,24,Good,Mortgage,0
1559,67,60258.91537186803,Salaried,19,237105,12,Bad,Rent,0
1560,52,28116.7360569659,Student,36,130617,36,No History,Mortgage,0
1561,50,51180.21250146943,Student,19,311704,48,No History,Mortgage,0
1562,50,34422.372957489395,Self-Employed,11,326009,24,No History,rent,1
1563,68,32410.590500887705,Salaried,32,449902,60,Good,Own,0
1564,60,48254.89906230009,Unemployed,27,85910,36,Good,Mortgage,0
1565,54,44784.84317620129,Salaried,7,407891,12,No History,Rent,0
1566,29,11354.11764523626,Self-Employed,0,469922,24,Missed Payments,Own,0
1567,20,57148.10524588844,Salaried,36,350130,12,No History,Mortgage,0
1568,18,55701.37031221177,Self-Employed,21,217288,12,Bad,Rent,0
1569,50,25616.55947735706,Salaried,5,20068,12,Good,Mortgage,0
1570,57,40937.05300156114,Unemployed,20,64460,48,Bad,RENT,0
1571,27,42410.45279424108,Student,31,372910,48,Bad,Rent,0
1572,60,38910.10648735861,Salaried,34,56418,60,Good,Mortgage,0
1573,61,26745.422692318698,Salaried,14,298350,24,Missed Payments,Mortgage,0
1574,46,24925.649480929227,Student,4,138180,36,No History,Rent,0
1575,30,34616.688935128324,Salaried,5,272431,36,Bad,Own,0
1576,29,52590.93528889047,Unemployed,24,32337,36,Good,Mortgage,0
1577,48,43154.002318916486,Salaried,39,161738,12,Bad,RENT,0
1578,63,29440.78501870841,Salaried,28,257667,48,No History,rent,0
1579,19,46575.48065972517,Salaried,6,142233,24,Missed Payments,Own,0
1580,68,-7728.1393094511295,Salaried,39,372811,12,Missed Payments,Own,0
1581,67,52231.48550558156,Self-Employed,12,362215,48,Missed Payments,Own,0
1582,52,8904.293318328506,Salaried,37,108064,48,Good,Mortgage,0
1583,40,29563.385878953017,Salaried,17,441967,24,Good,rent,1
1584,34,18204.95158060784,Salaried,1,485279,24,Missed Payments,rent,1
1585,43,15579.777864186413,Salaried,7,378655,24,No History,RENT,0
1586,25,52412.401810677795,Unemployed,10,492605,12,No History,Own,0
1587,46,27984.48198032163,Student,32,417974,60,Good,Rent,0
1588,43,40197.55822596073,Salaried,37,468996,24,Missed Payments,Mortgage,1
1589,27,34296.19131681224,Unemployed,26,256686,60,No History,Own,1
1590,43,42155.612408346824,Self-Employed,19,13178,12,No History,Own,0
1591,51,36152.32836590383,Salaried,11,41831,60,No History,Own,1
1592,68,15755.116637171457,Student,30,143248,36,Good,Own,0
1593,58,49944.002291707104,Salaried,26,113306,60,Missed Payments,Mortgage,0
1594,24,27593.651252580312,Salaried,31,174726,24,Bad,RENT,0
1595,21,11651.271520103735,Unemployed,9,264292,12,Missed Payments,Mortgage,0
1596,67,28578.272585511313,Salaried,2,429843,24,Missed Payments,rent,1
1597,62,57511.39685951466,Unemployed,26,193622,36,Good,Mortgage,0
1598,28,47753.32613170239,Unemployed,34,384169,24,No History,Own,0
1599,46,29770.21798388211,Salaried,30,185982,24,No History,Own,1
1600,53,29761.13443522357,Unemployed,14,100417,24,Good,Mortgage,1
1601,42,30175.47423173926,Salaried,15,199323,48,Good,Mortgage,0
1602,38,66151.21975341262,Salaried,12,438638,36,Good,RENT,0
1603,53,40729.0317834733,Self-Employed,34,21984,24,Good,Mortgage,0
1604,27,41450.624707866045,Student,10,99312,24,Good,Mortgage,0
1605,54,50454.25181047763,Salaried,20,202458,24,Bad,Rent,1
1606,26,38581.8373853977,Salaried,10,93291,12,Missed Payments,Rent,1
1607,41,31114.367812689452,Self-Employed,29,279279,48,Missed Payments,Rent,0
1608,52,32054.752263725328,Self-Employed,34,10320,12,Missed Payments,Mortgage,0
1609,66,33925.98110878904,Self-Employed,21,497387,48,No History,RENT,0
1610,52,34441.66645235238,Salaried,37,162756,24,Bad,Own,1
1611,65,45914.4431545547,Salaried,30,459129,36,Missed Payments,Own,0
1612,53,35779.18828710949,Salaried,13,360918,60,No History,Own,0
1613,35,,Unemployed,23,425105,60,Bad,Mortgage,0
1614,66,33789.251298371266,Salaried,31,236921,24,Bad,Own,0
1615,56,36179.52785474136,Salaried,35,370215,12,No History,Mortgage,0
1616,49,5026.9897320183845,Student,31,189971,36,Bad,Mortgage,0
1617,41,48744.91512053722,Salaried,14,265083,48,No History,Own,1
1618,40,40197.32713846989,Student,34,413986,24,Missed Payments,Rent,1
1619,49,49970.15164789478,Self-Employed,2,442537,36,No History,Mortgage,0
1620,54,-8443.830672905337,Unemployed,15,489178,36,Bad,Own,0
1621,29,66325.62057171091,Salaried,4,119863,48,Missed Payments,Mortgage,0
1622,66,32906.15557767239,Salaried,20,51777,36,Missed Payments,rent,0
1623,30,51622.74225106275,Self-Employed,9,56250,12,Good,Rent,0
1624,40,19401.411093117036,Unemployed,18,345178,12,Good,Own,1
1625,42,44191.608575938546,Self-Employed,24,377084,12,Bad,Mortgage,0
1626,52,19198.76655239516,Salaried,3,312274,36,No History,Mortgage,0
1627,58,25643.465589562926,Self-Employed,28,485147,12,No History,Mortgage,1
1628,47,63710.47030800179,Self-Employed,18,190418,48,Bad,Mortgage,1
1629,34,32139.7639885498,Self-Employed,1,405753,36,Missed Payments,Own,0
1630,66,38261.49309769584,Self-Employed,9,225834,60,Bad,RENT,0
1631,37,48051.015960331315,Unemployed,24,25216,36,Bad,Own,0
1632,65,42435.22831958907,Self-Employed,19,356293,48,Missed Payments,Mortgage,0
1633,42,37256.28357715365,Salaried,18,13009,60,No History,Mortgage,0
1634,39,40474.41503699338,Salaried,22,362048,36,Bad,rent,0
1635,30,71051.23377857413,Salaried,23,170399,12,No History,Mortgage,1
1636,36,34135.71804449622,Salaried,10,155281,24,Bad,Own,0
1637,66,38016.485700724515,Salaried,33,189515,24,Missed Payments,Own,0
1638,53,50759.81594011418,Salaried,27,25029,12,Missed Payments,RENT,0
1639,29,51582.88899436976,Salaried,4,470829,24,Good,Own,0
1640,58,52805.454583405706,Salaried,4,220515,24,Missed Payments,Own,1
1641,36,44580.95333043777,Unemployed,20,198069,12,Good,Own,0
1642,29,17854.92630904275,Student,11,374315,12,Bad,Own,0
1643,26,59501.47298451644,Salaried,3,124456,36,No History,Mortgage,0
1644,24,17804.81910471968,Student,19,334703,36,Missed Payments,Own,0
1645,45,39539.531978585495,Salaried,37,337036,12,Missed Payments,Rent,0
1646,31,23685.86224970963,Salaried,24,342553,48,Missed Payments,Rent,0
1647,48,34037.92480110511,Salaried,13,411851,24,Bad,Own,0
1648,69,,Salaried,10,305209,36,Good,Rent,0
1649,36,39820.35823175409,Self-Employed,31,252471,24,Bad,Own,0
1650,64,41328.81131352927,Self-Employed,10,392688,60,No History,RENT,1
1651,33,59205.669035879706,Salaried,17,379484,12,Bad,rent,1
1652,22,41803.014522709695,Salaried,26,43783,48,No History,Own,0
1653,52,31337.65047064027,Salaried,17,44152,60,Missed Payments,Own,0
1654,29,49461.307524325355,Salaried,22,68741,60,No History,Mortgage,0
1655,42,52842.05733386961,Salaried,10,379193,60,No History,Own,0
1656,69,16585.88277294511,Salaried,20,454718,12,Good,Own,0
1657,38,43961.00104774787,Unemployed,4,39092,36,No History,Mortgage,1
1658,53,45517.591134663475,Student,22,158725,12,No History,Own,1
1659,40,30536.54744960012,Salaried,24,240636,36,Bad,Own,0
1660,33,55635.60219967429,Student,9,181541,60,Missed Payments,Mortgage,0
1661,56,32749.166194512098,Salaried,21,264136,60,Bad,Own,1
1662,62,36883.64680207313,Salaried,18,358627,48,Bad,Own,1
1663,59,32403.922635741954,Salaried,0,393729,36,Missed Payments,Mortgage,0
1664,56,35233.685713722014,Self-Employed,6,331898,60,Missed Payments,Mortgage,0
1665,31,18555.873696571973,Student,3,171050,24,No History,Rent,0
1666,48,13399.236761085584,Self-Employed,0,97592,48,No History,Own,0
1667,22,58917.57594837458,Salaried,14,366687,12,Good,rent,0
1668,52,22295.579775225084,Self-Employed,39,53169,48,Bad,Rent,0
1669,40,20129.114758155392,Salaried,11,451503,24,Missed Payments,Mortgage,0
1670,46,2699.1482959442765,Unemployed,21,64745,36,No History,Own,0
1671,60,25415.573784657467,Salaried,21,120168,12,Missed Payments,Own,0
1672,28,15153.653098887524,Salaried,16,123985,12,No History,Mortgage,0
1673,35,59630.22740204554,Salaried,28,277687,36,Good,rent,1
1674,64,50147.25634013952,Self-Employed,13,197464,48,Good,Mortgage,1
1675,29,24677.74482233414,Salaried,19,31067,60,Missed Payments,Own,0
1676,26,68786.53708016463,Self-Employed,32,61033,48,Good,Mortgage,0
1677,27,49726.48230487391,Salaried,14,55256,24,Missed Payments,Own,1
1678,61,30127.529247370665,Self-Employed,11,231705,60,No History,RENT,0
1679,34,-2491.085723103599,Unemployed,39,249455,48,Bad,Own,0
1680,55,69364.13858886113,Unemployed,19,210417,36,Good,RENT,0
1681,24,,Salaried,29,425407,24,No History,rent,0
1682,63,,Salaried,37,96803,24,Bad,Own,0
1683,30,50338.5564801446,Salaried,2,213814,24,Bad,Own,1
1684,57,71596.28609508909,Self-Employed,27,128843,60,Bad,RENT,0
1685,59,55764.09227765777,Salaried,25,489809,12,No History,Mortgage,0
1686,26,43458.636800785396,Salaried,29,38992,60,No History,Own,1
1687,67,43921.315124979286,Salaried,12,222603,48,Missed Payments,Rent,0
1688,44,47801.23338170462,Salaried,12,58803,12,Bad,rent,0
1689,19,46383.92884680148,Self-Employed,1,382119,48,Bad,Mortgage,0
1690,22,39217.87135954064,Salaried,36,204549,12,Bad,Own,0
1691,46,36563.01655927814,Self-Employed,37,154282,60,Missed Payments,RENT,0
1692,54,34061.103081507164,Salaried,1,486545,24,Bad,Mortgage,0
1693,55,23690.531166999855,Salaried,35,36270,36,No History,Rent,0
1694,36,30789.873846998387,Salaried,25,465224,24,Bad,Own,0
1695,25,9605.647787069218,Salaried,10,408413,60,Good,Mortgage,0
1696,65,33524.90559807875,Salaried,7,254929,12,No History,Rent,0
1697,62,20171.133392736236,Self-Employed,39,17452,24,Missed Payments,Mortgage,0
1698,18,18446.160241763435,Salaried,21,313630,60,Bad,Own,0
1699,39,37698.41226730218,Unemployed,19,24859,48,Good,Mortgage,0
1700,69,55880.03429516899,Salaried,7,430452,36,Missed Payments,Own,1
1701,34,48774.7490900347,Salaried,28,435115,24,Missed Payments,RENT,0
1702,24,11442.490945652346,Self-Employed,39,42083,12,No History,Own,0
1703,42,20155.57795144494,Salaried,25,339852,48,Missed Payments,Rent,0
1704,62,49111.567819823234,Salaried,29,121462,60,Missed Payments,Rent,0
1705,21,20262.689096925358,Salaried,16,157735,36,Missed Payments,Own,0
1706,53,31630.50275004463,Salaried,19,365220,12,Missed Payments,rent,1
1707,23,43250.78148536828,Unemployed,15,259737,60,Bad,Mortgage,1
1708,48,20474.833177045468,Salaried,6,291197,60,Bad,RENT,0
1709,36,36580.6325921894,Self-Employed,15,152157,24,Bad,Own,0
1710,61,14989.617576226934,Unemployed,26,433780,24,Bad,Mortgage,0
1711,56,25979.485340731793,Salaried,22,361889,12,Good,Mortgage,0
1712,44,39796.72901213806,Student,23,200167,60,Bad,RENT,0
1713,27,11105.09399702496,Salaried,8,79517,24,Missed Payments,RENT,0
1714,43,41607.121069405985,Student,34,162225,36,Bad,Own,1
1715,36,34705.433016099785,Salaried,19,146319,36,Bad,Mortgage,0
1716,56,43287.34931625721,Self-Employed,36,413769,60,No History,Own,0
1717,20,38358.712010969924,Salaried,16,424027,24,Missed Payments,Rent,0
1718,62,55462.10644960766,Salaried,30,236453,12,Bad,Mortgage,0
1719,30,36878.36753971861,Self-Employed,7,409351,12,Bad,Own,0
1720,67,28558.916883121205,Self-Employed,14,146645,12,Bad,Own,1
1721,45,36834.46254548425,Salaried,30,89267,36,Good,Own,0
1722,37,43149.470435545816,Salaried,29,148261,24,Bad,Own,0
1723,45,35732.901054885566,Self-Employed,19,352221,24,No History,Own,0
1724,25,35608.87536805824,Self-Employed,38,446862,36,Missed Payments,Mortgage,0
1725,58,24470.12468289867,Student,11,348767,12,Missed Payments,Own,1
1726,56,25056.48623673578,Self-Employed,16,141004,12,Bad,Mortgage,0
1727,18,13960.920923004596,Student,29,63687,60,Bad,Own,0
1728,20,61243.65114780409,Self-Employed,28,340456,48,Bad,Rent,1
1729,30,16342.051469130725,Salaried,18,117615,24,Missed Payments,Rent,0
1730,45,24606.42203306139,Salaried,10,403120,24,Missed Payments,Own,0
1731,66,24223.89101646204,Self-Employed,33,37564,24,Good,Rent,0
1732,42,48423.86565416662,Self-Employed,6,300979,48,No History,Mortgage,1
1733,50,30575.754825619584,Salaried,33,464803,60,Good,Own,0
1734,55,53716.131090106006,Salaried,19,17697,48,No History,Mortgage,0
1735,23,24897.640636341974,Student,37,90165,12,Good,Own,0
1736,61,39184.91243335703,Salaried,23,214994,12,Missed Payments,Rent,0
1737,62,22469.79420110364,Salaried,9,420262,24,Good,Mortgage,0
1738,49,67177.23691660083,Salaried,31,67823,36,No History,RENT,0
1739,62,17186.02371455731,Salaried,14,476796,24,Bad,rent,0
1740,64,39647.31065340541,Salaried,36,456586,36,No History,Own,0
1741,38,44506.65321398148,Salaried,19,19615,48,Bad,Mortgage,0
1742,33,41206.986461772474,Salaried,2,408276,12,Missed Payments,RENT,0
1743,38,32220.685116834375,Self-Employed,36,402643,36,No History,Own,1
1744,28,,Salaried,39,86436,48,Good,Own,0
1745,54,35657.17207968664,Unemployed,7,201591,12,No History,Own,0
1746,53,32794.96997557267,Unemployed,39,392706,36,Bad,Rent,0
1747,52,49458.18675192365,Salaried,22,343261,24,Missed Payments,Own,0
1748,36,68157.84502387026,Self-Employed,39,464374,24,Good,Mortgage,1
1749,37,26637.623224882496,Salaried,10,44782,24,No History,Mortgage,1
1750,35,14452.955306313834,Unemployed,7,488925,48,Bad,rent,1
1751,64,33675.76927473118,Salaried,28,88533,24,Good,Mortgage,0
1752,58,73695.64006481477,Self-Employed,29,250011,60,Missed Payments,Own,0
1753,66,22944.881480454038,Self-Employed,9,199327,12,Good,RENT,0
1754,31,59586.75208166101,Salaried,38,82684,48,Missed Payments,Own,0
1755,32,60165.51221114661,Salaried,27,460134,24,Good,Rent,0
1756,48,26696.176374380084,Self-Employed,35,267165,12,No History,rent,1
1757,18,43534.74618777913,Self-Employed,12,225356,36,Bad,Own,0
1758,20,59425.94934692807,Salaried,31,351702,24,No History,Mortgage,0
1759,33,29313.083885187694,Self-Employed,35,226621,12,No History,Mortgage,0
1760,40,,Salaried,36,245295,60,Missed Payments,RENT,1
1761,28,26274.786290770346,Self-Employed,25,353566,36,Missed Payments,Own,0
1762,29,19778.649039606997,Salaried,21,261435,60,Missed Payments,Own,0
1763,27,25260.836824009893,Unemployed,3,267424,12,No History,Rent,1
1764,49,16640.895998566153,Salaried,30,428472,60,Good,Mortgage,0
1765,33,35511.25202388839,Salaried,17,433221,12,Good,Own,0
1766,25,23450.401534120374,Salaried,37,278782,12,No History,Mortgage,0
1767,55,,Salaried,23,309563,60,No History,Mortgage,0
1768,29,11661.565306945591,Salaried,22,43377,12,Bad,Rent,1
1769,41,39963.20348321686,Salaried,21,116244,24,Missed Payments,rent,0
1770,45,47502.93442413387,Unemployed,1,184188,12,Missed Payments,Mortgage,0
1771,25,5093.965361428171,Salaried,30,439850,48,No History,Own,0
1772,45,40610.848547713584,Salaried,10,223363,12,No History,Own,0
1773,53,53415.034887099384,Salaried,27,33382,48,Good,Rent,0
1774,43,16855.38471963192,Salaried,31,256375,12,No History,Mortgage,0
1775,25,60088.58580256555,Salaried,4,197135,12,Good,Own,0
1776,67,41285.285140490676,Salaried,37,163466,60,No History,Own,0
1777,45,24424.822163623867,Salaried,9,339933,24,Bad,rent,1
1778,45,34163.46383513441,Salaried,39,244318,24,Bad,Mortgage,0
1779,54,43374.903687825834,Salaried,23,382778,36,Good,Own,0
1780,58,36140.080871186176,Salaried,34,141936,60,Missed Payments,Rent,0
1781,53,43081.33988669554,Salaried,22,371716,60,Bad,Own,1
1782,44,21189.896103809508,Salaried,16,443438,24,Good,Own,0
1783,34,37540.41236054117,Student,0,416882,60,No History,Own,0
1784,26,,Salaried,30,133664,24,No History,Rent,0
1785,50,33331.60907976949,Self-Employed,30,162027,60,Good,Mortgage,0
1786,37,21441.385378028153,Salaried,33,382818,12,Missed Payments,RENT,0
1787,30,23967.050861153504,Self-Employed,8,113533,24,Good,Mortgage,1
1788,45,53541.397628156556,Self-Employed,21,353989,24,Good,Own,1
1789,65,,Salaried,12,257997,48,Bad,Mortgage,0
1790,46,44137.071813607654,Student,24,79590,60,Good,Own,0
1791,30,18615.308529911315,Salaried,17,399919,60,Good,Own,0
1792,63,30253.87325457797,Salaried,11,338615,24,No History,rent,0
1793,52,53196.46549968775,Self-Employed,39,491530,12,Bad,Own,1
1794,23,37125.753704598574,Unemployed,16,315442,12,No History,rent,0
1795,35,69789.94309972541,Salaried,14,466324,12,No History,Mortgage,0
1796,68,40899.76759091558,Salaried,14,254936,60,Missed Payments,Mortgage,0
1797,22,37880.73674735047,Salaried,14,58924,48,Missed Payments,Own,0
1798,64,30363.25303696248,Salaried,38,419925,24,Bad,Rent,0
1799,42,37003.11357173423,Self-Employed,12,19726,36,Bad,Own,0
1800,19,32712.95245429184,Salaried,16,201896,48,Missed Payments,Rent,0
1801,27,45621.630150328856,Salaried,31,50542,36,Missed Payments,Rent,1
1802,47,,Salaried,8,423461,48,Missed Payments,Rent,0
1803,67,23210.158092380756,Salaried,39,44753,12,Missed Payments,Mortgage,0
1804,62,15031.505696633329,Salaried,19,351932,60,Missed Payments,Rent,0
1805,22,7456.919403450553,Self-Employed,25,293460,36,No History,Mortgage,0
1806,50,42619.86990368816,Student,26,243979,48,Bad,Rent,0
1807,18,18449.500907391895,Unemployed,20,94698,60,No History,Mortgage,0
1808,35,2706.641105712759,Salaried,17,288104,36,No History,Mortgage,0
1809,49,40828.67906796446,Unemployed,12,40791,24,Good,Mortgage,0
1810,64,72394.99276149186,Self-Employed,15,297360,48,No History,Own,1
1811,66,34908.9363269016,Self-Employed,8,435683,24,Missed Payments,Rent,0
1812,28,47577.36161677463,Salaried,11,336571,12,Missed Payments,Own,0
1813,38,36227.440378213476,Salaried,37,384614,24,Good,Rent,0
1814,43,33516.65520213286,Salaried,18,465263,24,Good,rent,0
1815,42,48786.14724481653,Salaried,6,83290,48,Good,Own,0
1816,39,30645.88183717023,Salaried,34,57014,12,Good,Mortgage,1
1817,44,39010.88471107854,Salaried,17,145150,24,Good,Rent,0
1818,66,39825.467092940205,Salaried,15,481605,60,No History,Mortgage,1
1819,30,24978.64319535427,Self-Employed,38,60519,36,Good,Own,0
1820,50,49880.635243047844,Salaried,3,276186,24,No History,Mortgage,0
1821,51,32375.60364956887,Salaried,24,59052,12,Bad,Rent,0
1822,58,23663.82260760733,Student,31,24389,24,Good,Rent,1
1823,52,43047.64765355605,Student,39,368105,36,Good,rent,0
1824,18,21522.98027313444,Self-Employed,12,78111,12,No History,Own,1
1825,38,35422.717360536924,Student,16,377202,48,Bad,Rent,1
1826,65,34863.21505033695,Salaried,36,365859,12,No History,Own,1
1827,23,51288.43348747367,Student,5,322877,48,No History,Mortgage,0
1828,45,42120.47349319929,Salaried,18,306898,12,Good,Rent,0
1829,34,34624.595618822845,Salaried,12,421840,36,Missed Payments,Rent,0
1830,22,47266.494488004304,Salaried,25,358030,36,Missed Payments,rent,0
1831,48,55853.113235259705,Salaried,13,167753,12,No History,Mortgage,0
1832,22,43367.154595277934,Salaried,30,99524,24,Good,Rent,0
1833,55,35155.28929765071,Self-Employed,3,353150,36,Bad,Own,0
1834,20,15322.456514747606,Self-Employed,38,296848,48,Missed Payments,Mortgage,0
1835,40,19023.295053869413,Salaried,7,104913,48,Bad,Mortgage,0
1836,54,30421.629434679984,Salaried,24,104108,60,Missed Payments,Mortgage,0
1837,54,25857.316967610754,Unemployed,12,264803,48,Good,Mortgage,0
1838,27,32195.43045521831,Self-Employed,31,279637,60,No History,Mortgage,0
1839,27,35849.74887345661,Salaried,37,79639,12,Bad,Own,0
1840,36,42945.391315350964,Self-Employed,37,241452,12,Bad,Mortgage,0
1841,34,33942.518329113635,Salaried,27,326527,12,No History,rent,0
1842,38,42297.52465739303,Salaried,29,144066,24,Bad,Mortgage,0
1843,31,35967.1162221518,Student,2,210352,24,Missed Payments,Mortgage,0
1844,26,5368.001504691929,Salaried,27,319378,60,No History,Mortgage,0
1845,63,,Salaried,2,450507,48,Missed Payments,Mortgage,0
1846,18,32838.686664175766,Unemployed,33,138674,48,Missed Payments,Mortgage,0
1847,68,16854.578857383385,Self-Employed,15,496084,12,Good,Own,0
1848,62,43998.93094994307,Salaried,21,15594,36,Missed Payments,Own,0
1849,30,57961.26248515546,Salaried,31,246907,24,Good,Mortgage,0
1850,21,53281.42777545975,Salaried,37,279515,24,Bad,Own,0
1851,18,31798.35693604688,Self-Employed,7,57315,12,Bad,Rent,0
1852,66,,Salaried,7,224636,24,Good,Mortgage,0
1853,57,37230.01185803167,Salaried,5,137251,12,Missed Payments,Rent,0
1854,49,29943.71043322941,Student,13,242520,60,No History,rent,0
1855,51,25798.960046885906,Salaried,31,89526,48,No History,Mortgage,0
1856,45,30462.954702678075,Salaried,34,253459,36,Good,rent,0
1857,48,29177.347721881568,Salaried,9,157698,48,Bad,Rent,1
1858,25,37556.243335632316,Self-Employed,2,358149,48,Bad,RENT,0
1859,56,37408.60971574797,Salaried,11,247330,60,No History,Mortgage,0
1860,43,35045.69030230122,Salaried,30,115573,24,Good,Mortgage,0
1861,51,41554.072546195246,Unemployed,28,410346,36,No History,Rent,0
1862,20,,Salaried,4,147900,24,Missed Payments,Mortgage,1
1863,67,49243.312031619855,Salaried,24,329658,48,Missed Payments,Mortgage,0
1864,29,12726.530473251449,Salaried,30,245707,12,Good,rent,0
1865,18,-3308.817023529322,Salaried,20,193736,48,Good,Mortgage,1
1866,61,49014.79866858911,Salaried,19,158955,24,Missed Payments,Own,0
1867,22,14496.819523768685,Salaried,38,184131,48,Bad,Mortgage,0
1868,47,31628.51897160975,Salaried,21,487294,12,Good,Own,1
1869,47,17448.304609109608,Salaried,3,184004,60,Missed Payments,rent,0
1870,34,7970.293436299704,Unemployed,12,464485,24,Missed Payments,Mortgage,0
1871,65,43121.94092307182,Student,19,348130,48,Bad,Rent,0
1872,64,46387.327404539705,Self-Employed,12,358103,24,Bad,Rent,0
1873,40,26352.34398909921,Unemployed,16,274179,60,Bad,Rent,0
1874,32,-3865.634382173652,Salaried,35,119767,48,Bad,Rent,1
1875,54,26806.33327621276,Student,32,443961,48,No History,Rent,0
1876,38,40877.060081038195,Salaried,0,27241,24,Bad,Mortgage,0
1877,31,12816.32646838807,Student,14,62975,24,No History,Own,1
1878,19,37750.39879668733,Student,12,164226,12,Good,Mortgage,0
1879,28,34770.35226240507,Self-Employed,16,428841,60,Missed Payments,Mortgage,0
1880,68,43689.37249401632,Student,23,448166,12,No History,Mortgage,0
1881,56,,Salaried,7,66396,48,Good,Mortgage,1
1882,55,20403.96588677667,Salaried,26,128920,24,Good,Own,1
1883,51,52948.57252496737,Salaried,22,416547,48,No History,Mortgage,0
1884,55,32622.05640459545,Salaried,7,204999,48,Good,RENT,0
1885,67,34590.43190735102,Salaried,7,96226,36,Good,Mortgage,0
1886,51,21000.98061390206,Self-Employed,25,94719,36,No History,Mortgage,1
1887,35,28350.766232127346,Student,12,73014,48,Good,Own,0
1888,47,21727.95928959649,Salaried,38,49346,24,Bad,Own,0
1889,32,32405.809101148654,Self-Employed,36,80411,48,Bad,RENT,1
1890,44,60675.62720213515,Student,27,195550,36,Missed Payments,Mortgage,0
1891,68,14421.482856029656,Student,24,153326,24,Good,Mortgage,0
1892,51,10796.579031848883,Student,15,196806,48,Missed Payments,Mortgage,0
1893,69,57067.55491240413,Salaried,1,431837,60,Bad,RENT,0
1894,55,31860.14484272201,Student,17,348585,60,Bad,Own,0
1895,50,24963.908920101254,Self-Employed,16,56121,48,Bad,rent,1
1896,41,50598.57031094115,Salaried,29,222490,24,Good,Mortgage,0
1897,32,25915.76690394704,Salaried,38,332341,48,Good,Own,0
1898,47,62390.14570320404,Self-Employed,12,94577,48,Bad,Own,0
1899,59,45168.88807008904,Salaried,31,366778,36,Missed Payments,Rent,0
1900,68,27681.32887781446,Self-Employed,28,259106,60,Missed Payments,Own,0
1901,34,,Self-Employed,29,445647,36,No History,Own,0
1902,22,25914.276154949926,Salaried,17,372355,36,Bad,Mortgage,1
1903,46,,Salaried,12,145909,48,Missed Payments,Mortgage,0
1904,21,39489.38870609738,Self-Employed,20,493241,36,Bad,Own,0
1905,27,54526.11934098197,Salaried,29,486379,60,Missed Payments,Own,0
1906,34,58422.66795090279,Salaried,20,474448,36,No History,Rent,1
1907,27,35480.0622359865,Salaried,16,452210,60,No History,rent,0
1908,34,23698.73194480725,Salaried,39,482295,36,Bad,Own,0
1909,37,41899.582144086744,Student,18,415831,60,Missed Payments,Mortgage,0
1910,41,24834.269453718407,Salaried,14,11466,36,Good,Own,1
1911,22,65200.80871289935,Self-Employed,8,302915,36,No History,Own,0
1912,51,,Salaried,9,356030,24,Bad,Mortgage,0
1913,23,29520.17673031837,Salaried,30,338055,60,Bad,Mortgage,0
1914,19,37770.204587973625,Unemployed,22,239638,60,Missed Payments,Rent,0
1915,30,14793.105657054552,Self-Employed,29,423962,60,Bad,Rent,0
1916,60,20425.789422340225,Salaried,32,98422,12,No History,RENT,0
1917,60,53006.208619166384,Salaried,8,463955,36,Bad,Rent,0
1918,65,25146.58581542906,Salaried,0,345513,60,Bad,Mortgage,1
1919,28,19296.335259770905,Salaried,34,274037,12,Good,Own,1
1920,68,43049.79128790929,Self-Employed,10,302717,24,Good,Rent,0
1921,64,52785.562319944955,Salaried,33,106907,60,No History,rent,1
1922,40,45784.299659976,Salaried,15,444090,60,Missed Payments,Mortgage,0
1923,33,49940.715287087245,Salaried,8,218434,12,Good,Mortgage,0
1924,48,23648.07367145809,Student,31,372100,36,Missed Payments,Own,0
1925,28,13672.839998872343,Student,14,228532,24,No History,Own,0
1926,33,57520.0047793323,Salaried,11,268093,60,Good,Mortgage,0
1927,25,,Self-Employed,32,390724,36,Missed Payments,rent,0
1928,21,31237.50475317429,Salaried,13,436583,24,Good,Rent,0
1929,57,54922.912127735864,Salaried,7,162271,48,No History,RENT,0
1930,21,43343.4501410099,Self-Employed,7,363548,48,No History,Own,0
1931,42,41838.31658122411,Student,26,215400,24,Good,rent,0
1932,20,67475.03517351625,Student,11,329868,12,Missed Payments,rent,1
1933,49,25347.226544297853,Salaried,0,358277,24,Bad,Mortgage,0
1934,20,48917.60192121856,Salaried,39,177477,24,Bad,rent,0
1935,44,35855.19687345627,Self-Employed,10,239304,12,Good,Mortgage,0
1936,46,39028.88418294885,Salaried,38,25989,12,Missed Payments,Rent,0
1937,49,57927.026396187975,Salaried,30,301075,36,Bad,Own,1
1938,67,42617.53634434436,Salaried,16,281434,36,No History,Rent,0
1939,68,43074.441185744494,Self-Employed,32,441583,12,Missed Payments,Rent,0
1940,36,51087.610059647035,Salaried,31,131136,48,Bad,Mortgage,0
1941,38,,Salaried,28,352022,48,Missed Payments,Mortgage,0
1942,22,22411.854989914904,Student,20,362621,24,Good,Mortgage,1
1943,35,19327.862089684495,Salaried,20,482697,60,Missed Payments,Rent,0
1944,45,5504.651159359972,Salaried,39,217370,24,Bad,Rent,0
1945,59,,Salaried,22,136299,24,Good,Own,0
1946,39,18451.874514174753,Salaried,5,171205,60,Missed Payments,rent,0
1947,38,31681.19564621342,Salaried,21,253688,12,No History,Own,0
1948,23,30847.800501666192,Salaried,37,115686,48,Bad,Mortgage,0
1949,18,39611.10046713651,Unemployed,36,430268,24,Good,Mortgage,0
1950,22,47236.05818808945,Salaried,7,379430,60,Missed Payments,Mortgage,0
1951,58,47907.10232539618,Student,34,488705,36,No History,Own,1
1952,29,26253.838421465924,Salaried,10,312619,24,Bad,RENT,0
1953,43,32493.17429320383,Salaried,23,92666,48,No History,Mortgage,0
1954,63,39238.69925732449,Salaried,20,368766,12,Missed Payments,Rent,0
1955,51,31269.633107246795,Salaried,1,198728,24,Missed Payments,rent,0
1956,66,59110.18364029989,Self-Employed,39,145705,24,Good,Mortgage,0
1957,31,42364.62427457377,Salaried,18,420520,60,No History,Own,0
1958,43,46023.16679074726,Salaried,38,117573,36,Good,Rent,0
1959,62,44943.21903001119,Unemployed,27,238892,36,Bad,Mortgage,0
1960,44,52602.107862279874,Student,16,318690,12,Good,rent,1
1961,26,37715.3233805556,Unemployed,5,279152,48,Bad,Rent,0
1962,43,15547.5207806623,Salaried,18,320435,12,Missed Payments,rent,0
1963,64,40995.31927628962,Self-Employed,37,168477,24,Missed Payments,Rent,0
1964,39,,Salaried,27,258141,24,No History,rent,1
1965,64,27070.749773753647,Salaried,1,308530,36,Bad,Own,1
1966,47,,Salaried,37,100909,48,Missed Payments,Own,0
1967,60,53574.24607150453,Salaried,36,161899,60,No History,Mortgage,0
1968,65,35319.073651040926,Salaried,3,305184,48,No History,Own,0
1969,34,39632.49518898446,Salaried,21,70354,24,Good,Own,0
1970,43,60533.22416952857,Unemployed,25,350687,60,No History,Own,1
1971,53,38611.297692328524,Salaried,35,28157,48,Missed Payments,Rent,0
1972,18,74025.24671270592,Salaried,12,45315,48,Good,RENT,0
1973,25,43482.64468447316,Salaried,31,308076,60,Bad,Mortgage,0
1974,66,8588.558612662735,Student,16,424380,24,Bad,Mortgage,0
1975,52,46300.12431656799,Salaried,35,155486,48,Missed Payments,Mortgage,0
1976,69,40717.37577324166,Salaried,18,268669,60,Missed Payments,RENT,0
1977,32,54346.291311241184,Unemployed,34,417543,24,Good,Own,0
1978,64,45097.72026904937,Unemployed,39,386024,60,Good,Own,0
1979,39,32923.16024024339,Salaried,27,142018,60,Missed Payments,rent,0
1980,31,16635.526455659514,Self-Employed,0,286837,48,Missed Payments,Mortgage,0
1981,43,31864.651140709622,Self-Employed,17,299385,24,Bad,Mortgage,0
1982,45,22242.1931868605,Self-Employed,39,387338,48,Bad,Mortgage,0
1983,40,26292.14825292916,Salaried,32,105790,12,Bad,Rent,0
1984,31,43828.67606630914,Unemployed,11,418756,12,Missed Payments,Mortgage,1
1985,41,60048.56756527109,Salaried,7,82255,24,No History,Mortgage,1
1986,19,40920.07294734471,Salaried,23,205829,60,Missed Payments,rent,1
1987,62,17061.754069472234,Salaried,15,182275,48,Missed Payments,Own,0
1988,43,41669.040023302114,Salaried,3,428297,48,Bad,Rent,0
1989,31,52949.47229968477,Salaried,37,202933,24,Missed Payments,rent,0
1990,68,25853.256435209267,Self-Employed,26,271439,24,Good,Rent,1
1991,24,32989.742499906235,Salaried,8,21350,12,Missed Payments,rent,1
1992,20,35220.32292093796,Salaried,15,196584,36,Missed Payments,Own,1
1993,64,,Salaried,11,328953,24,Missed Payments,Mortgage,0
1994,40,44724.20650765789,Salaried,30,111894,36,Missed Payments,Rent,1
1995,63,33185.77777088327,Student,23,369701,24,No History,Own,0
1996,60,41292.98665860542,Salaried,13,446048,60,Missed Payments,Mortgage,0
1997,64,,Salaried,24,431585,60,Good,Mortgage,0
1998,62,28438.125495148844,Salaried,33,41728,12,Good,Mortgage,0
1999,35,45835.72036741657,Salaried,2,289720,12,Missed Payments,RENT,0
2000,55,29407.502718623495,Salaried,23,432217,36,Bad,RENT,0
